{
  "hash": "d9db088e",
  "configHash": "78e20567",
  "lockfileHash": "2ca72e2b",
  "browserHash": "f5019f08",
  "optimized": {
    "@angular/cdk/bidi": {
      "src": "../../../../../../node_modules/@angular/cdk/fesm2022/bidi.mjs",
      "file": "@angular_cdk_bidi.js",
      "fileHash": "f9fc8e7e",
      "needsInterop": false
    },
    "@angular/common": {
      "src": "../../../../../../node_modules/@angular/common/fesm2022/common.mjs",
      "file": "@angular_common.js",
      "fileHash": "ea945132",
      "needsInterop": false
    },
    "@angular/core": {
      "src": "../../../../../../node_modules/@angular/core/fesm2022/core.mjs",
      "file": "@angular_core.js",
      "fileHash": "5788f8c4",
      "needsInterop": false
    },
    "@angular/forms": {
      "src": "../../../../../../node_modules/@angular/forms/fesm2022/forms.mjs",
      "file": "@angular_forms.js",
      "fileHash": "45c729ec",
      "needsInterop": false
    },
    "@angular/material/button": {
      "src": "../../../../../../node_modules/@angular/material/fesm2022/button.mjs",
      "file": "@angular_material_button.js",
      "fileHash": "b8efe0c9",
      "needsInterop": false
    },
    "@angular/material/toolbar": {
      "src": "../../../../../../node_modules/@angular/material/fesm2022/toolbar.mjs",
      "file": "@angular_material_toolbar.js",
      "fileHash": "317db7f1",
      "needsInterop": false
    },
    "@angular/platform-browser": {
      "src": "../../../../../../node_modules/@angular/platform-browser/fesm2022/platform-browser.mjs",
      "file": "@angular_platform-browser.js",
      "fileHash": "d4d3619f",
      "needsInterop": false
    },
    "@angular/router": {
      "src": "../../../../../../node_modules/@angular/router/fesm2022/router.mjs",
      "file": "@angular_router.js",
      "fileHash": "8d24ef45",
      "needsInterop": false
    },
    "@angular/material/form-field": {
      "src": "../../../../../../node_modules/@angular/material/fesm2022/form-field.mjs",
      "file": "@angular_material_form-field.js",
      "fileHash": "f5d14f99",
      "needsInterop": false
    },
    "@angular/material/input": {
      "src": "../../../../../../node_modules/@angular/material/fesm2022/input.mjs",
      "file": "@angular_material_input.js",
      "fileHash": "74380787",
      "needsInterop": false
    },
    "@angular/material/select": {
      "src": "../../../../../../node_modules/@angular/material/fesm2022/select.mjs",
      "file": "@angular_material_select.js",
      "fileHash": "dc7ac677",
      "needsInterop": false
    },
    "@angular/material/datepicker": {
      "src": "../../../../../../node_modules/@angular/material/fesm2022/datepicker.mjs",
      "file": "@angular_material_datepicker.js",
      "fileHash": "5442326d",
      "needsInterop": false
    },
    "@angular/material/core": {
      "src": "../../../../../../node_modules/@angular/material/fesm2022/core.mjs",
      "file": "@angular_material_core.js",
      "fileHash": "6a6c7408",
      "needsInterop": false
    },
    "@angular/cdk/text-field": {
      "src": "../../../../../../node_modules/@angular/cdk/fesm2022/text-field.mjs",
      "file": "@angular_cdk_text-field.js",
      "fileHash": "104280fd",
      "needsInterop": false
    },
    "@angular/cdk/scrolling": {
      "src": "../../../../../../node_modules/@angular/cdk/fesm2022/scrolling.mjs",
      "file": "@angular_cdk_scrolling.js",
      "fileHash": "93132c85",
      "needsInterop": false
    },
    "@angular/material/card": {
      "src": "../../../../../../node_modules/@angular/material/fesm2022/card.mjs",
      "file": "@angular_material_card.js",
      "fileHash": "b632c992",
      "needsInterop": false
    }
  },
  "chunks": {
    "chunk-HN3GBWMJ": {
      "file": "chunk-HN3GBWMJ.js"
    },
    "chunk-Z3PRPAWB": {
      "file": "chunk-Z3PRPAWB.js"
    },
    "chunk-H7PNP6SZ": {
      "file": "chunk-H7PNP6SZ.js"
    },
    "chunk-4ES5TJEG": {
      "file": "chunk-4ES5TJEG.js"
    },
    "chunk-GGLUGTWC": {
      "file": "chunk-GGLUGTWC.js"
    },
    "chunk-SZS4RJEH": {
      "file": "chunk-SZS4RJEH.js"
    },
    "chunk-JS2TK3YC": {
      "file": "chunk-JS2TK3YC.js"
    },
    "chunk-KNW7SI2G": {
      "file": "chunk-KNW7SI2G.js"
    },
    "chunk-YUKG46KM": {
      "file": "chunk-YUKG46KM.js"
    },
    "chunk-FL3BHXV3": {
      "file": "chunk-FL3BHXV3.js"
    },
    "chunk-7Q5XK7JD": {
      "file": "chunk-7Q5XK7JD.js"
    },
    "chunk-4DPII2CY": {
      "file": "chunk-4DPII2CY.js"
    },
    "chunk-J72KCCE3": {
      "file": "chunk-J72KCCE3.js"
    },
    "chunk-OIC26CVO": {
      "file": "chunk-OIC26CVO.js"
    },
    "chunk-NUKQY4CU": {
      "file": "chunk-NUKQY4CU.js"
    },
    "chunk-IFTZZKWL": {
      "file": "chunk-IFTZZKWL.js"
    },
    "chunk-AF3SJTYC": {
      "file": "chunk-AF3SJTYC.js"
    },
    "chunk-LLSYBTIE": {
      "file": "chunk-LLSYBTIE.js"
    },
    "chunk-4HIPDTUO": {
      "file": "chunk-4HIPDTUO.js"
    },
    "chunk-YLSLHLAI": {
      "file": "chunk-YLSLHLAI.js"
    },
    "chunk-CWYV7LLG": {
      "file": "chunk-CWYV7LLG.js"
    },
    "chunk-M3HR6BUY": {
      "file": "chunk-M3HR6BUY.js"
    },
    "chunk-SCBZ4XOP": {
      "file": "chunk-SCBZ4XOP.js"
    },
    "chunk-Z5LLNARD": {
      "file": "chunk-Z5LLNARD.js"
    },
    "chunk-DLVQLVDB": {
      "file": "chunk-DLVQLVDB.js"
    }
  }
}